Amacid,Codon,Number,/1000,Fraction
Cys,TGT,2028,137.46977879205548,0.4637548593642808
Cys,TGC,2345,158.95790496418647,0.5362451406357192
Asp,GAT,1692,114.69372076733623,0.4871868701410884
Asp,GAC,1781,120.72666470840771,0.5128131298589116
Ile,ATA,1217,82.49542445262895,0.2308421851289833
Ile,ATT,2083,141.1980025758637,0.3951062215477997
Ile,ATC,1972,133.67376912126898,0.37405159332321697
Ser,AGT,1714,116.18501028085952,0.1371090312774978
Ser,AGC,2510,170.14257631561108,0.2007839372850172
Ser,TCG,651,44.12861242289355,0.05207583393328534
Ser,TCA,2494,169.0580021239578,0.19950403967682587
Ser,TCT,2478,167.9734279323045,0.1982241420686345
Ser,TCC,2654,179.90374404049078,0.2123030157587393
Gln,CAG,3250,220.3041326795761,0.5632582322357019
Gln,CAA,2520,170.82043518539442,0.43674176776429807
Lys,AAG,2829,191.7662742616987,0.6019148936170213
Lys,AAA,1871,126.8273945364575,0.3980851063829787
Trp,TGG,3271,221.72763630612107,1.0
Asn,AAT,1747,118.42194455114445,0.5015790984783233
Asn,AAC,1736,117.67629979438281,0.49842090152167673
Pro,CCG,997,67.58252931739611,0.10728505326589906
Pro,CCA,3270,221.65985041914274,0.35187775745184546
Pro,CCT,3057,207.22145649275822,0.328957279672872
Pro,CCC,1969,133.47041146033393,0.2118799096093834
Thr,ACG,692,46.90783378900513,0.13884430176565007
Thr,ACA,2103,142.55372031543033,0.4219502407704655
Thr,ACC,2189,148.3833065955668,0.43920545746388445
Phe,TTT,2050,138.96106830557878,0.4619197836863452
Phe,TTC,2388,161.8726981042547,0.5380802163136548
Ala,GCG,825,55.92335675712317,0.10234462225530332
Ala,GCA,2382,161.4659827823847,0.29549683662076665
Ala,GCT,2383,161.53376866936304,0.29562089070834885
Ala,GCC,2471,167.49892672345618,0.3065376504155812
Gly,GGG,1516,102.76340465914996,0.18221153846153845
Gly,GGA,2706,183.42861016336397,0.3252403846153846
Gly,GGT,1623,110.0164945658314,0.19507211538461539
Gly,GGC,2475,167.7700702713695,0.29747596153846156
End,TGA,2399,162.61834286101634,0.5257506026736796
End,TAG,883,59.854938201866375,0.19351303966688582
End,TAA,1281,86.83372121924215,0.2807363576594346
His,CAT,2402,162.82170052195133,0.5341338670224595
His,CAC,2095,142.0114332196037,0.4658661329775406
Leu,TTG,2102,142.485934428452,0.15634064708069914
Leu,TTA,1434,97.20496192692681,0.10665674972108591
Leu,CTG,3695,250.46885238493343,0.2748233544068427
Leu,CTA,1375,93.20559459520527,0.1022685013015991
Leu,CTT,2382,161.4659827823847,0.1771662328002975
Leu,CTC,2457,166.54992430575953,0.18274451468947564
Arg,AGG,2393,162.21162753914638,0.2924712784160352
Arg,AGA,2631,178.34466863998915,0.32155952089953554
Arg,CGG,1109,75.1745486589692,0.13554143241261304
Arg,CGA,730,49.48369749418171,0.08922023955023221
Arg,CGT,596,40.40038863908534,0.07284282571498411
Arg,CGC,723,49.009196285333395,0.08836470300659985
Met,ATG,2201,149.19673723930677,1.0
Val,GTG,2115,143.3671509591703,0.3497602116752109
Val,GTA,989,67.04024222156947,0.16355217463204896
Val,GTT,1451,98.35732200555844,0.23995369604762692
Val,GTC,1492,101.13654337167003,0.2467339176451133
Glu,GAG,2420,164.0418464875613,0.4872156231125428
Glu,GAA,2547,172.65065413380933,0.5127843768874573
Tyr,TAT,1499,101.61104458051834,0.5276311158042942
Tyr,TAC,1342,90.96866032492035,0.4723688841957057
